fold,activation,accuracy,precision,recall,f1,auc
1,leakyrelu,0.6875349357182784,0.29429429429429427,0.6877192982456141,0.41219768664563616,0.7746687196715192
2,relu,0.7227501397428732,0.31443298969072164,0.6535714285714286,0.4245939675174014,0.7749668654738238
3,leakyrelu,0.7311347121296814,0.3224043715846995,0.6188811188811189,0.4239520958083832,0.7521425680108315
4,relu,0.6840044742729307,0.237012987012987,0.6058091286307054,0.34072345390898484,0.7228526903899128
5,leakyrelu,0.7293064876957495,0.2818181818181818,0.6352459016393442,0.3904282115869018,0.7708448356408731
